/*
Navicat MySQL Data Transfer

Source Server         : localhost_3306
Source Server Version : 50717
Source Host           : localhost:3306
Source Database       : school

Target Server Type    : MYSQL
Target Server Version : 50717
File Encoding         : 65001

Date: 2017-11-05 09:00:20
*/

SET FOREIGN_KEY_CHECKS=0;

-- ----------------------------
-- Table structure for tb_category
-- ----------------------------
DROP TABLE IF EXISTS `tb_category`;
CREATE TABLE `tb_category` (
  `ca_id` int(11) NOT NULL AUTO_INCREMENT,
  `ca_pId` int(11) DEFAULT NULL,
  `ca_name` varchar(255) DEFAULT NULL,
  `spare` varchar(255) DEFAULT NULL,
  PRIMARY KEY (`ca_id`)
) ENGINE=InnoDB AUTO_INCREMENT=24 DEFAULT CHARSET=utf8;

-- ----------------------------
-- Records of tb_category
-- ----------------------------
INSERT INTO `tb_category` VALUES ('3', '3', '语文教研组长', null);
INSERT INTO `tb_category` VALUES ('4', '4', '管理员', null);
INSERT INTO `tb_category` VALUES ('5', '5', '数学教研组', null);
INSERT INTO `tb_category` VALUES ('6', '1', '学校简介', null);
INSERT INTO `tb_category` VALUES ('8', '1', '领导机构', null);
INSERT INTO `tb_category` VALUES ('9', '1', '学校荣誉', null);
INSERT INTO `tb_category` VALUES ('10', '1', '教学成果', null);
INSERT INTO `tb_category` VALUES ('11', '2', '校园新闻', null);
INSERT INTO `tb_category` VALUES ('17', '2', '教育动态', null);
INSERT INTO `tb_category` VALUES ('18', '2', '德育专题', null);
INSERT INTO `tb_category` VALUES ('19', '2', '学生管理', null);
INSERT INTO `tb_category` VALUES ('20', '2', '学校发展', null);
INSERT INTO `tb_category` VALUES ('21', '2', '教师成长', null);
INSERT INTO `tb_category` VALUES ('22', '7', '校园风光', null);
INSERT INTO `tb_category` VALUES ('23', '1', '建校历史', null);

-- ----------------------------
-- Table structure for tb_message
-- ----------------------------
DROP TABLE IF EXISTS `tb_message`;
CREATE TABLE `tb_message` (
  `me_id` int(11) NOT NULL AUTO_INCREMENT,
  `me_title` varchar(20) DEFAULT NULL,
  `me_content` text,
  `me_picture` varchar(50) DEFAULT NULL,
  `me_hide` varchar(20) DEFAULT NULL,
  `me_issuingdate` varchar(20) DEFAULT NULL,
  `me_status` varchar(50) DEFAULT NULL,
  `me_reply` text,
  `spare` varchar(255) DEFAULT NULL,
  PRIMARY KEY (`me_id`)
) ENGINE=InnoDB AUTO_INCREMENT=7 DEFAULT CHARSET=utf8;

-- ----------------------------
-- Records of tb_message
-- ----------------------------
INSERT INTO `tb_message` VALUES ('6', null, null, null, null, '', null, null, null);

-- ----------------------------
-- Table structure for tb_resource
-- ----------------------------
DROP TABLE IF EXISTS `tb_resource`;
CREATE TABLE `tb_resource` (
  `re_id` int(11) NOT NULL AUTO_INCREMENT,
  `ca_id` int(11) DEFAULT NULL,
  `ca_name` varchar(20) DEFAULT NULL,
  `re_title` varchar(50) DEFAULT NULL,
  `re_content` text,
  `re_issuer` varchar(20) DEFAULT NULL,
  `re_issuingdate` varchar(20) DEFAULT NULL,
  `spare` varchar(255) DEFAULT NULL,
  PRIMARY KEY (`re_id`)
) ENGINE=InnoDB AUTO_INCREMENT=32 DEFAULT CHARSET=utf8;

-- ----------------------------
-- Records of tb_resource
-- ----------------------------
INSERT INTO `tb_resource` VALUES ('1', '6', '学校简介', '郑州第一二二中学', '一、学校概况     河南省实验中学是河南省教育厅直属学校，创建于1957年，原名郑州师专附中，后为郑州师院附中、郑州大学附中、郑州四十中。1979年，作为河南省基础教育实验学校和实验园地，正式定名为河南省实验中学。     目前，我校拥有省管优秀专家1人，特级教师12人，省级学术技术带头人、专家30余人，市级以上骨干教师123人。学校现有本部、分校两个校园。本部位于文化路60号，占地150亩，建筑面积10万平方米，绿化面积达5万多平方米。分校位于农业路10号院，本部和分校两个校园之间有天桥相连。各种教育教学设施完备，布局有致，整洁规范。     学校主要荣誉称号有：中国百强中学、国家级绿色学校、国家级体育传统项目学校、社会公认特色育人成功学校、全国先进科研教改实验学校、国务院侨办华文教育基地学校、省级文明单位、河南省办学管理规范化学校、省级安全文明校园、省级优秀家长学校、河南省基础教育实验基地、河南省首批示范性高中、河南省教师发展学校等。学校与国内外数十家教育机构和大中学校建立了友好合作关系，成为河南省基础教育对外开放的重要窗口。     学校领导班子紧密团结广大教职员工，上下一心，齐心协力，全面落实科学发展观，全力提高办学实力和办学水平。学校进一步理清了办学思路，明确了办学方向，提出了“专业、有效”的管理工作要求,坚持规范办学，坚持教育教学协调发展，坚持深化教学改革，积极开展有效教学，稳步推进新课程改革，注重科研服务教学，学校教育教学管理水平不断提升，普通教育、竞赛教育、国际教育、艺体教育等特色纷呈、竞相争艳，各项工作生机勃勃。     二、办学特色     生动活泼的德育教育      我校明确提出“德育是一切教育的根本”，突出强调德育在学校工作中的重要地位。学校切实贯彻“全面德育、全员德育”，在德育活动中注重找好载体、选好形式、找准突破口、着眼于学生身心全面健康发展。学校注重通过主题班会开展教育活动，提升学生形象。开展军训和安全疏散演练，举办运动会、校园文化艺术节和感动校园人物评选，创办校园电视台、广播站，组建模拟联合国、心理剧社、文学社、环保社等丰富多彩的学生社团，促使学生在活动中参与，在参与中体验。     学校全面实行“教师联系学生制度”。要求每位教师都要有针对性、有侧重地联系几个学生，定期抽出时间和学生沟通交流，及时了解学生的心理变化、思想状态和学习情况，做到每位学生都有教师适时给予指导和帮助。     学校注重发挥学生组织在学校管理中的自我管理、自我服务和自我教育的作用。我校学生会是全国学联的委员单位，是省学联的主席团单位，各级团组织和学生会为学生们提供了锻炼自己、展示才华的广阔舞台。     独具特色的教学模式     作为省教育厅直属学校，新时期，学校明确提出要敢为人先，勇挑重担，高举素质教育大旗，引领全省基础教育发展；要注重把握好素质教育和升学指导两种方向，在两种方向之间找到平衡，找准结合点，既全面实施素质教育，更努力提高学生的学业水平和升学能力。     从2007年开始，我校先于课改提出了“有效教学”，不但为2008年高中新课改做好了准备，而且做到了教学改革与课程改革同步。学校从课堂教学优化起步，逐步扩展深化到教学流程的各环节，形成了备课有效、课堂有效、作业有效、自习有效、评价有效的“五环节有效教学”改革模式。在强调“教师有效的教”的同时，注重引导“学生有效的学”，逐步使师生明确“有效的前提是兴趣，有效的根本是学生学会学习、主动学习”。目前，有效教学已成为我校的教学特色。这一教学改革实践不但得到了教育部有关专家的充分肯定，而且给学校带来了丰硕的成果：教师的有效教学意识增强了，学生的自主学习能力提高了，师生正常休息时间增多了，教学质量整体提高了。     在深化有效教学改革的同时，我校以“教师”作为推进课改的关键力量，以“理念”作为支撑课改的核心要素，以“课堂”作为实施课改的主要阵地，以“课余”作为深化实施课改的重要空间，扎实推进新课程改革。学校积极开展研究性学习和校本选修课，研究性学习及课题展示活动已经成为师生共同的乐趣，校本选修实现了学生网上选课、走班上课的愿望。     作为河南省基础教育的实验园地，按照省教育厅要求，我校坚持办好理科实验班。实验班面向全省招收有数学、物理、化学、生物、计算机等学科特长的学生，培养创新拔尖人才。坚持办好宏志班，让家庭贫困但成绩优异的学生能够有机会享受优质教育资源。坚持接收藏区学生来校学习，为促进民族团结和进步发挥积极作用。     全省领先的竞赛教育     学校以“理科实验班”和“宏志班”为载体，在全省范围内培养志向远大、追求卓越、品学兼优、素质全面的学生，具体目标是进入国家集训队（保送北大、清华等国内一流高校）、夺取国际中学生学科奥林匹克竞赛金牌，为人类科技文明、社会文明的进步做出贡献。学校坚持学科特长突出、综合素质全面、意志品质优良的选苗标准，坚持兴趣为主、学有余力、循序渐进的培养原则，保证培养的有效性、科学性。     经过一批业务精湛、无私奉献、全国一流的学科竞赛主教练队伍的精心培养，一大批具有较高学术理想和潜质、有突出才华、德才兼备的综合性人才脱颖而出，为我校、我省、我国争了光。1986年，我校方为民同学代表中国队获得第27届国际数学奥林匹克竞赛金牌，这也是我国在世界上获得的第一块国际中学生学科奥林匹克竞赛金牌。2004年，我校岳衎同学获得第36届国际化学奥林匹克竞赛金牌，这是我省第一块国际化学奥林匹克竞赛金牌。2008年，我校杨纪元同学荣获第19届国际生物学奥林匹克竞赛银牌，这是我省生物竞赛史上的第一块国际级奖牌。2009年第26届全国青少年信息学奥林匹克竞赛全国决赛中，我校郭家宝同学获得金牌并入选国家集训队，填补了多年来河南省在该项中的空白。2011年，我校姚博文同学获得第52届国际数学奥林匹克竞赛金牌，这是我校继1986年方为民之后的第二枚国际数学竞赛金牌；郝中宁等3名同学获第62届英特尔国际科学与工程大奖赛二等奖，是河南省有史以来在该项比赛中获得的最好成绩。     亮点凸显的国际教育     2003年，我校在全省率先成立了国际部。旨在培养具有国家意识、国际视野，能够代表中国参与世界竞争的高素质国际型人才。目前，我校国际部有中加（含美国AP高级课程）、中日两个项目，现有23个教学班，26名外籍教师，在校学生800余人。     中加项目系河南省教育厅与加拿大新斯科舍省教育部签署的政府教育友好合作项目。学生入学后注册中加两国高中学籍，学习中加两国高中课程，使用加拿大原版教材，毕业获中加双高中毕业文凭，免预科直升加拿大、美国、英国、澳大利亚等英语国家大学。AP课程又称美国大学先修课程，成绩优秀的学生在高中阶段选修AP课程并通过考试，拿到学分，被大学承认。目前，包括哈佛、斯坦福、牛津、剑桥等著名大学在内，已有22个国家3500多所大学承认AP课程。     中日项目系河南省教育厅批准，由我校与日本关西语言学院合作办学。学生学习两门外语，日语为第一外语，英语为第二外语。课程设置与教学要求与我校普通高中基本一致，日语课程由日籍教师与我校日语教师共同授课。毕业生凭日语等级考试成绩和国内高中课程成绩赴日留学，也可直接申请日本大学。     八年来，中加班连续六届毕业生全部被加拿大、美国等国的一流大学录取，实现了对多伦多、麦吉尔等所有加拿大顶级大学的批量输送，同时还问鼎了与哈佛齐名的伯克利加州大学、哥伦比亚大学等世界顶级大学，70%的学生获得了不同级别的奖学金。中日班每届毕业生签证率100%，多名同学被早稻田大学、大阪大学等日本名校录取。2011年，经省教育厅批准，学校获得“招收外国留学生”资格。     百花齐放的艺体教育     我校十分重视艺体教育工作，将艺体教育作为关乎学生终身幸福、提升学校办学层次、彰显实验办学特色的重要途径。学校成立有合唱团、舞蹈队、美术社团等，经过精心培育，有百余名学生被北大、清华、中国传媒大学、中央美术学院、中国音乐学院等重点院校录取。     我校体育教学追求创新，特别是高中体育选项式教学深受学生喜爱。学校坚持依据学生爱好进行选课，确保学生每天一小时体育锻炼，不断提高身体素质。我校是“全国培养高水平体育后备人才试点学校”，是“国家级传统项目学校”，注重选拔有体育特长的学生组建校队。校田径队连续19次获得郑州市第一名，校篮球队、足球队和田径队多次在全省比赛中获得第一，在全国比赛中夺得十余块金牌，在国际比赛中获得三块奖牌。我校培养了运动健将、一级运动员30余人。体育特长生一半以上升入全国重点大学。     办学理念     让每一位学生都得到发展，让每一个教师都得到提高，争取每一位家长的理解，争取社会广泛的认同。     办学方向     把握好素质教育和升学指导两种方向的平衡，找好结合点，找准关联点，在平衡中求突破、求创新、求发展。     实验精神     彰显责任  敢于担当     异想天开  勇于创新     脚踏实地  永争第一     管理工作要求      专业  有效 213123', null, null, null);
INSERT INTO `tb_resource` VALUES ('2', '11', '校园新闻', '清华附中朝阳学校党总支莅临奥森、将台路校区党支部指导工作', '<p><br></p><p>　　2017年10月30日下午，清华附中朝阳学校党总支书记杜毓贞、党办主任邸巧云莅临奥森、将台路校区指导工作，并为奥森、将台路校区干部进行培训，同时布置了奥森、将台路党支部学习十九大报告的相关工作。奥森、将台路校区执行校长朱建宏、校区校务会全体干部以及党支部书记党文萍参加了会议。</p><p><br><img alt=\"\" src=\"http://www.qhfz.edu.cn/uploads/171031/1-1G031095610317.jpg\"><br></p><p>会议现场</p><p><br></p><p>　　朱建宏首先致欢迎辞，并介绍了奥森、将台路党支部与朝阳学校党总支的隶属关系，期待两校区在党总支的领导帮助下，更加有效地开展各项工作。</p><p><br><img alt=\"\" src=\"http://www.qhfz.edu.cn/uploads/171031/1-1G031095626439.jpg\"><br></p><p>朱建宏校长致欢迎辞</p><p><br></p><p>　　杜毓贞从“强化各级各类第一责任人的履职意识”“‘三重一大’民主决策制度”以及“加强党的领导”等方面深入解读了党领导下的学校管理运营工作机制。要求校区按照全面从严治党的总体要求，积极构建清单化明责、痕迹化履责、台账化记责的完整链条；指导校区严格履行“三重一大”工作程序，坚持民主决策的基本原则；强调党支部要认真组织党员干部深入学习十九大报告，把“两学一做”常态化，发挥党员在学校教育教学工作中模范的带头作用，使党建工作和学校发展有效结合起来。</p><p><br><img alt=\"\" src=\"http://www.qhfz.edu.cn/uploads/171031/1-1G031095640946.jpg\"><br></p><p>杜毓贞书记作报告</p><p><br><br><img alt=\"\" src=\"http://www.qhfz.edu.cn/uploads/171031/1-1G031095A5926.jpg\"><br></p><p>邸巧云主任参会</p><p><br></p><p>　　此次党总支以党的十九大顺利召开为契机，深入基层开展培训工作，助力两校区在新的平台上，建立更加有效的工作机制，进一步推进校区规范化发展。</p><p><br><br></p><p>撰稿：程玮琳　　　　</p><p><br></p><p>摄影：赵婉婷　　　　</p><p><br></p><p>审核：杜毓贞、朱建宏</p><p><br></p><p>编辑：附中档案室　　</p><p><br></p>', null, '2017-10-31 21:14:48', null);
INSERT INTO `tb_resource` VALUES ('3', '11', '校园新闻', '安第十八金山毒霸舍不得杀巴蜀', '<p>　　2017年10月30日，清华附中丰台学校第一届科技月展示活动在学校操场举办。丰台区教委副主任刘建宾、郭俊山，副处级调研员陈景泉，丰台区科协副主席李然，丰台分院副院长刘仁健，丰台教委基教一科科长翟洪臣，统宣科科长袁富文，保卫科科长孟海军，丰台区少年宫主任孙茜,丰台区知识产权局产权科科长崔颖，太平桥派出所副所长罗飞，太平桥街道文教科梁京凤，清华附中校长、清华附中丰台学校校长王殿军率清华附中一体化学校领导，清华附中永丰学校执行校长孟卫东、清华附中奥森校区执行校长朱建宏、清华附中上地学校副校长李伟明、清华附中朝阳学校副校长张晓宁与丰台学校师生共同参加了本次活动，部分家长、卢沟桥教育集群成员学校、友好单位的领导和老师们也参加了本次活动。</p><p><br><img alt=\"\" src=\"http://www.qhfz.edu.cn/uploads/171031/1-1G031153550357.JPG\"><br></p><p>校领导与教委领导合影</p><p><br></p><p>　　丰台区教委副主任刘建宾从国家的政策、丰台教育十三五规划和学校发展的多个层面解读了科技教育的重要性，对学生提出了“抓紧时间、勤奋学习、全面发展自己，为未来打下坚实的基础，为我们的民族振兴、国家的强盛做出自己应有的贡献”的殷切希望。</p><p><br><img alt=\"\" src=\"http://www.qhfz.edu.cn/uploads/171031/1-1G031162I01H.jpg\"><br></p><p>丰台区教委副主任刘建宾讲话</p><p><br></p><p>　　王殿军校长在现场活动的开幕致辞中说，“以‘玩转科技，科学伴我成长’为主题的科技月活动中，让大家在‘玩’中体会到了科技的魅力；在‘玩’中了解了最新科学动态，培养了科技学习的兴趣；在‘玩’中学会了动手实践探索，增强了创新的意识”。好一个“玩转科技”！同学们在看看、摸摸、闻闻、猜猜、问问、想想中享受到了科技的教育，这是一种教育形式的创新。</p><p><br><img alt=\"\" src=\"http://www.qhfz.edu.cn/uploads/171031/1-1G031162JGL.JPG\"><br></p><p>清华附中校长、清华附中丰台学校校长王殿军致辞</p><p><br></p><p>　　首届科技月展示活动现场体验和表演活动精彩纷呈，体现了浓郁的科技气息。</p><p><br></p><p>　　“小灵”NAO机器人才艺展示拉开了现场展示的序幕，精彩的人机对话，让孩子们体验到了科技的神奇，VEXIQ机器人表演活跃了现场的气氛，激发了同学们探索的欲望，“气火箭”的发射把展示现场气氛推向了高潮。三项科技展示调足了学生“胃口”，拉开现场活动的序幕。</p><p><br><img alt=\"\" src=\"http://www.qhfz.edu.cn/uploads/171031/1-1G031162P3O0.JPG\"><br></p><p>人机对话展示</p><p><br><br><img alt=\"\" src=\"http://www.qhfz.edu.cn/uploads/171031/1-1G031162Q9144.JPG\"><br></p><p>发射气火箭</p><p><br></p><p>　　科技月展示的现场体验活动分为科技、生物、化学三大体验区，共28个项目。同学们拿着手中的“科技月护照”，广泛参与其中，亲自动手实践，满足了他们的好奇心和求知欲，学生们在玩中感受到科学探索的乐趣，直观享受到自己劳动和智慧付出得到的成果，发现了科学无处不在的魅力。</p><p><br><img alt=\"\" src=\"http://www.qhfz.edu.cn/uploads/171031/1-1G031162S6121.JPG\"><br><br><img alt=\"\" src=\"http://www.qhfz.edu.cn/uploads/171031/1-1G031162910526.JPG\"><br><br><img alt=\"\" src=\"http://www.qhfz.edu.cn/uploads/171031/1-1G031162929D2.JPG\"><br><br><img alt=\"\" src=\"http://www.qhfz.edu.cn/uploads/171031/1-1G031164621K2.JPG\"><br><br><img alt=\"\" src=\"http://www.qhfz.edu.cn/uploads/171031/1-1G03116463K16.JPG\"><br><br><img alt=\"\" src=\"http://www.qhfz.edu.cn/uploads/171031/1-1G031164A2337.JPG\"><br></p><p>精彩的现场体验活动</p><p><br></p><p>　　本次科技月自9月25日启动以来的一个月里，共有前期热身类、展示评比类、闭幕式现场表演三大板块。科技月前期活动有，科技月科普阅读、科普演讲、科学家专题讲座和学科实验室开放等活动，从校园生活的各个方面营造浓郁的科技月活动氛围，唤起同学们体验科技的兴趣。展示评比类活动包括科技绘画创作、科普小报制作、科学家故事宣讲展示，科技月海报设计等，在这一过程中，培养孩子们对科技的兴趣，学习科技知识，创设浓郁的校园科技体验环境。</p><p><br></p><p>　　据悉，清华附中承办三年来，丰台学校背靠清华的优质资源，根据学生的特点开发课程，为学生提供开放性的实验室。本次科技月活动是以科技教育发展为导向，促进学生均衡发展的探索；是学科教学的延伸，是一堂大的实践课。举办科技月活动旨在为同学们搭建通往科技世界的平台，提供历练科技能力的机会，培养学生的创新精神和实践能力等综合素质，锻炼学生理性的科学思维，激发学生的科学探索精神。</p><p><br><br></p><p>撰稿：李琛、张雷　　</p><p><br></p><p>照片：戴军　　　　　</p><p><br></p><p>审核：陈红、陈玉艳　</p><p><br></p><p>编辑：附中档案室　　</p><p><br></p>', null, '2017-10-31 21:18:58', null);
INSERT INTO `tb_resource` VALUES ('4', '11', '校园新闻', '中学生诗歌论坛——清华附中站开讲', '<h3>中学生诗歌论坛——清华附中站开讲</h3><p>　　2017年10月27日，由北京市作家协会主办，海淀区作家协会、清华大学附属中学共同承办的“中学生诗歌论坛”在清华附中正式开讲。著名诗人王久辛、著名作家谭旭东、《北京文学》资深编辑王秀云、北方工业大学冯雷老师、《十月少年文学社》资深编辑童子、嘉宾战宇婷莅临现场，和到场的老师学生们分享诗歌创作之路。北京市作家协会副主席王升山，北京市作家协会秘书长周敏等主办方领导到场聆听，承办方清华附中副校长白雪峰，海淀区作协多位负责人、作家等参加了活动。清华附中与海淀高校文学社团联盟，社会文学爱好者百余人在现场聆听讲座。<br><img alt=\"\" src=\"http://www.qhfz.edu.cn/uploads/171030/1-1G030091S6104.jpg\"><br></p><p>诗歌论坛现场</p><p><br></p><p>&nbsp;</p><p>　　清华附中高1611班王子涵同学挥洒才情，创作并朗诵了现代诗《夏》，拉开了本次诗歌论坛的序幕。一句“我是满城摇曳的绿色，我是天地间最热烈的舞者”，将现场听众带回到了那充满生机与浓情的夏日时光。<br><img alt=\"\" src=\"http://www.qhfz.edu.cn/uploads/171030/1-1G030091U64G.jpg\"><br>高1611班王子涵朗诵现代诗《夏》<br>　　王升山先生致辞，对将文学梦扎根于青少年心中报以期待，他认为在现阶段做一些文学普及工作，将文学带进学校是很有必要的。王升山先生提到学校的语文课和文学创作间的差异。语文教学更为现实，它提供了解读文学的手段与工具，而文学更偏向内省，更加关注人性。王升山先生用了精彩的比喻来形容文学与非文学表达的区别：“当我们看到夕阳落山时，非文学的表达肯定从色彩等外在形象上去描述，而文学的阐释则是表达太阳落山后‘我’内心的所感所悟。”<br>　　王久辛先生以王沪宁的诗歌《阡陌》作为开场，向同学们讲解诗应当怎么写，人应当怎么做。无论做诗还是做人，王老师认为第一要干净。这种干净不仅是外表层面的，更是思想层面的干净。第二热爱诗歌要就要亲近历史。历史会给予人深邃的目光；要热爱地理，地理会打开一个人的胸怀与格局；要涉猎百科知识，要去看一草一木，一花一树，才有可能写出“感时花溅泪，恨别鸟惊心”这样的句子。一个不会玩的人，是不会写出好的作品的。第三要成为一名诗人，王久辛先生建议同学们要广博地涉猎，根据中国诗歌史的脉络，从胡适、闻一多读到臧克家、艾青，读懂高峰一般的诗人的诗歌，再去阅读外国诗歌，循序渐进地阅读。<br><img alt=\"\" src=\"http://www.qhfz.edu.cn/uploads/171030/1-1G030091922328.jpg\"><br></p><p>王久辛先生（左2）讲解诗歌创作</p><p><br>　　谭旭东先生肯定了阅读的重要性，分享了自己从农村一路考入大学的心路历程，正是少年时期的广泛阅读成就了他今后创作文化的底色。面对中国新诗发展一百年的历程，谭旭东先生提出了三点看法：一是中国的新诗缺少正确的解读，存在读不懂或过渡阐释的现象；二是中国的新诗没有真正参与到语文建设中去；三是中国的小学、初中、大学教育中缺少完整的诗教。<br><img alt=\"\" src=\"http://www.qhfz.edu.cn/uploads/171030/1-1G030091951O2.jpg\"><br></p><p>谭旭东先生（右3）分享心路历程</p><p><br>　　《北京文学》资深编辑王秀云将诗歌比作文学殿堂中的美人，而不同的解读会有很大的差异，因此要学好外语，尽可能地阅读原汁原味的诗歌。诗歌是艺术殿堂中最高端的地方，是用最简短的语言，表达人类最深沉的思想的文学形式。小说和散文若出现语言的瑕疵也可以遮掩，但是优秀的诗歌多一个字就会觉得累赘。<br>　　北京工业大学冯雷老师鼓励同学们在诗意的年华创作诗歌。同时诗歌的创作需要一定的才情，但是诗歌归根到底是一种知识，需要广博的积累与不断的思考。《十月少年文学》杂志编辑童子希望同学们享受在少年时期写作的情绪，不要假装自己是成年人。他希望大家从《诗经》开始阅读中国的诗歌，感悟诗歌的博大精深，远距离地查看诗歌最开始产生的样子，让心中散发出少年的光辉。特邀嘉宾战宇婷站在时代的角度阐释诗歌存在的意义。在这个消费时代，很多事物被打上了资本的烙印，写诗是简单的，也是困难的，诗歌的意义是对内心的基本关怀。“诗”是由“言字旁”与“寺庙”的“寺”构成，而诗就是语言的朝圣，是对内心和灵魂的关怀。<br><img alt=\"\" src=\"http://www.qhfz.edu.cn/uploads/171030/1-1G030092020347.jpg\"><br></p><p>各位嘉宾各抒己见，为学生呈现精彩演说</p><p><br>　　论坛期间，现场同学踊跃提问，问题涵盖文学与科学的异同，诗歌的修辞与品读，古代文学与现代文学的关系，现代出现的网络诗歌现象等。各位专家老师对同学们的问题做出了精彩的解答。清华附中白雪峰副校长对本次活动进行总结，代表清华附中向与会的各位诗人、老师表示感谢。他指出，本次论坛表面上是在谈诗，实际上是在思考人生，清华附中也是独立自由思考的热土，清华附中的学子也要打破束缚，发展自己的个性，用生命形成自己的诗行。<br><img alt=\"\" src=\"http://www.qhfz.edu.cn/uploads/171030/1-1G030092042315.jpg\"><br></p><p>现场学生踊跃提问</p><p><br><br><img alt=\"\" src=\"http://www.qhfz.edu.cn/uploads/171030/1-1G030092123P4.jpg\"><br></p><p>白雪峰副校长总结发言</p><p>来源：学生发展中心</p><p><br></p><p>撰稿：付泽新　　　</p><p><br></p><p>图片：赵习、聂文婷</p><p><br></p><p>审核：任星阳　　　</p><p><br></p><p>编辑：档案室</p><p><br></p>', null, '2017-11-01 10:57:15', null);
INSERT INTO `tb_resource` VALUES ('5', '11', '校园新闻', '清华附中举办一体化学校集体教研活动', '<h3>清华附中举办一体化学校集体教研活动</h3><p>　　2017年10月26日下午，清华附中在B208举办一体化学校集体教研活动，特别邀请海淀区教师进修学校副校长姚守梅做题为《课改深入推进背景下如何加强集体备课》的报告。清华附中党委书记方妍，副校长赵鸿雁、徐文兵、白雪峰，教学管理与研究中心主任尹粉玉、张苏，清华附中全体一线教师，清华附中奥森、将台路校区、清华附中永丰学校、清华附中上地学校等一体化学校的部分教师，共300余人参加了活动。本次教研活动由副校长徐文兵主持。</p><p><br><img alt=\"\" src=\"http://www.qhfz.edu.cn/uploads/171027/1-1G02G13400327.JPG\"><br></p><p>清华附中副校长徐文兵主持活动</p><p><br><br><img alt=\"\" src=\"http://www.qhfz.edu.cn/uploads/171027/1-1G02G13425B5.JPG\"><br></p><p>海淀区教师进修学校副校长姚守梅做报告</p><p><br></p><p>　　报告内容清晰、案例丰富，深入浅出。首先对“课改深入推进”和“集体备课”这两个关键词进行了全面深入地解读，紧接着对集体备课中的五个关键要素进行了详实分析及操作建议。报告指出，价值追求要由学科教学转向学科育人，核心任务要探索基于核心素养的教—学—评，问题导向要解决制约学科整体发展的关键问题，项目载体要增强学术内涵，开展实践取向的微研究，团队共进要兼容并包，凝聚共识，协作攻坚。</p><p><br><img alt=\"\" src=\"http://www.qhfz.edu.cn/uploads/171027/1-1G02G13442292.JPG\"><br></p><p>报告会现场</p><p><br></p><p>　　本次活动对教师在新的中高考改革背景下深入进行集体备课起到了很好的指导与推进作用。与会教师纷纷表示受益匪浅。</p><p><br><br></p><p>审核：尹粉玉　　　</p><p><br></p><p>编辑：档案室　　　</p><p><br></p>', null, '2017-11-01 10:57:43', null);
INSERT INTO `tb_resource` VALUES ('6', '11', '校园新闻', '清华附中奥森、将台路校区举办班主任工作坊活动', '<h3>清华附中奥森、将台路校区举办班主任工作坊活动</h3><p>　　2017年10月26日下午，清华附中奥森、将台路校区德育工作专题讲座第二场——“班主任工作坊”活动在将台路校区C402教室举行。清华附中奥森、将台路校区副校长张姝敏，各年级组长、各班正副班主任及部分任课教师共计60余人参与此次活动。</p><p><br></p><p>　　本次活动由两部分组成，一是在场教师听取高一（5）班示范班会课，二是朱洪秋老师做《开好家长会》的主题讲座。此次活动由学生发展中心主任董薇主持，德育校长助理朱洪秋担任专家指导老师。</p><p><br><br><img alt=\"\" src=\"http://www.qhfz.edu.cn/uploads/171027/1-1G02G93331104.JPG\"><br></p><p>学生发展中心主任董薇老师主持活动</p><p><br><br><img alt=\"\" src=\"http://www.qhfz.edu.cn/uploads/171027/1-1G02G933504D.JPG\"><br></p><p>活动现场</p><p><br></p><p>　　首先，高一（5）班孙茂荟和孟凡艳两位老师共同上了一节示范班会课。孙茂荟老师对体育节进行了总结，通过播放学生在踢足球、跳大绳、拔河比赛中的照片和视频，激发学生自豪感，增强了班级凝聚力。孟凡艳老师从“无体育不清华”过渡到“无奋斗不青年”，鼓励学生感谢努力奋斗的自己，引导学生制定期中考试规划。</p><p><br><img alt=\"\" src=\"http://www.qhfz.edu.cn/uploads/171027/1-1G02G9340S11.jpg\"><br></p><p>孙茂荟老师做班会示范课</p><p><br><br><img alt=\"\" src=\"http://www.qhfz.edu.cn/uploads/171027/1-1G02G93424522.jpg\"><br></p><p>孟凡艳老师做班会示范课</p><p><br></p><p>　　接下来的交流讨论环节，朱洪秋老师对此次班会课进行点评，其他老师也发表自己的想法并提出如何激发学生学习内驱力等问题，朱老师一一进行解答。</p><p><br><img alt=\"\" src=\"http://www.qhfz.edu.cn/uploads/171027/1-1G02G93444561.JPG\"><br></p><p>朱洪秋老师现场点评</p><p><br></p><p>　　紧接着，马仁森、吕杰、常昊男和孙晓燕四位老师分别分享班主任工作经验。马仁森老师从明确卫生标准、规定清扫细则、制定值日方案以及加强日常监督四方面分享了班级卫生管理经验；吕杰老师主要分享了自己担任班主任的收获以及心路历程，表示自己将不忘初心、砥砺前行；常昊男老师谈到了班级管理需要注重守纪、强心和提智等方面；孙晓燕老师通过实例介绍了培养班干部和建设班风的方法。</p><p><br><br><img alt=\"\" src=\"http://www.qhfz.edu.cn/uploads/171027/1-1G02G9350B60.JPG\"><br></p><p>马仁森老师分享班主任工作经验</p><p><br><br><img alt=\"\" src=\"http://www.qhfz.edu.cn/uploads/171027/1-1G02G93523958.JPG\"><br></p><p>吕杰老师分享班主任工作经验</p><p><br><br><img alt=\"\" src=\"http://www.qhfz.edu.cn/uploads/171027/1-1G02G93A3E3.JPG\"><br></p><p>常昊男老师分享班主任工作经验</p><p><br><br><img alt=\"\" src=\"http://www.qhfz.edu.cn/uploads/171027/1-1G02G93G0Z4.JPG\"><br></p><p>孙晓燕老师分享班主任工作经验</p><p><br></p><p>　　朱洪秋老师在进行点评之后，做了《如何开好家长会》主题讲座。朱老师从正反两方面为班主任如何开家长会提供了建议。</p><p><br><br><img alt=\"\" src=\"http://www.qhfz.edu.cn/uploads/171027/1-1G02G93HE41.JPG\"><br></p><p>朱洪秋老师做《如何开家长会》主题讲座</p><p><br></p><p>　　最后，张姝敏副校长做活动总结，肯定了朱洪秋老师对如何开好家长会的分析，并对今后家长会的举办提出了几点建议，如家长会应遵循双向交流等原则，明确家长会中班主任和家长各自要达到的目的等。</p><p><br><br><img alt=\"\" src=\"http://www.qhfz.edu.cn/uploads/171027/1-1G02G93J4a4.JPG\"><br></p><p>张姝敏副校长做活动总结</p><p><br></p><p>　　本次工作坊为班主任搭建了一个相互交流研讨和学习的平台，让班主任们取长补短，不仅达到了资源共享的目的，也促进了班主任团队的专业成长。相信班主任团队在的德育校长张姝敏和学生发展中心的领导下，管理工作水平一定会迈上新台阶。</p><p><br><br></p><p>撰稿：孔美玲　　　　　　　　　　</p><p><br></p><p>摄影：赵婉婷、孔美玲、董薇、张琪</p><p><br></p><p>审核：张姝敏、程玮琳　　　　　　</p><p><br></p><p>编辑：附中档案室　</p><p><br></p>', null, '2017-11-01 10:58:13', null);
INSERT INTO `tb_resource` VALUES ('7', '17', '教育动态', '清华附中奥森、将台路校区举办班主任工作坊活动', '<p>　　2017年10月26日下午，清华附中奥森、将台路校区德育工作专题讲座第二场——“班主任工作坊”活动在将台路校区C402教室举行。清华附中奥森、将台路校区副校长张姝敏，各年级组长、各班正副班主任及部分任课教师共计60余人参与此次活动。<br>　　本次活动由两部分组成，一是在场教师听取高一（5）班示范班会课，二是朱洪秋老师做《开好家长会》的主题讲座。此次活动由学生发展中心主任董薇主持，德育校长助理朱洪秋担任专家指导老师。<br><br><img alt=\"\" src=\"http://www.qhfz.edu.cn/uploads/171027/1-1G02G93331104.JPG\"><br></p><p><br></p>', null, '2017-11-01 11:23:15', null);
INSERT INTO `tb_resource` VALUES ('8', '18', '德育专题', '清华附中与北大附中辩论赛“激烈辩论 友谊赛场”', '<h3>清华附中与北大附中辩论赛“激烈辩论 友谊赛场”</h3><p><br></p>', null, '2017-11-01 11:24:02', null);
INSERT INTO `tb_resource` VALUES ('9', '19', '学生管理', '清华附中与北大附中辩论赛“激烈辩论 友谊赛场”', '<h3>清华附中与北大附中辩论赛“激烈辩论 友谊赛场”清华附中与北大附中辩论赛“激烈辩论 友谊赛场”清华附中与北大附中辩论赛“激烈辩论 友谊赛场”清华附中与北大附中辩论赛“激烈辩论 友谊赛场”清华附中与北大附中辩论赛“激烈辩论 友谊赛场”清华附中与北大附中辩论赛“激烈辩论 友谊赛场”</h3><p><br></p>', null, '2017-11-01 11:24:22', null);
INSERT INTO `tb_resource` VALUES ('10', '20', '学校发展', '清华附中与北大附中辩论赛“激烈辩论 友谊赛场”', '<h3>清华附中与北大附中辩论赛“激烈辩论 友谊赛场”清华附中与北大附中辩论赛“激烈辩论 友谊赛场”清华附中与北大附中辩论赛“激烈辩论 友谊赛场”清华附中与北大附中辩论赛“激烈辩论 友谊赛场”清华附中与北大附中辩论赛“激烈辩论 友谊赛场”清华附中与北大附中辩论赛“激烈辩论 友谊赛场”</h3><p><br></p>', null, '2017-11-01 11:24:31', null);
INSERT INTO `tb_resource` VALUES ('11', '21', '教师成长', '清华附中与北大附中辩论赛“激烈辩论 友谊赛场”', '<h3>清华附中与北大附中辩论赛“激烈辩论 友谊赛场”清华附中与北大附中辩论赛“激烈辩论 友谊赛场”清华附中与北大附中辩论赛“激烈辩论 友谊赛场”清华附中与北大附中辩论赛“激烈辩论 友谊赛场”清华附中与北大附中辩论赛“激烈辩论 友谊赛场”清华附中与北大附中辩论赛“激烈辩论 友谊赛场”清华附中与北大附中辩论赛“激烈辩论 友谊赛场”清华附中与北大附中辩论赛“激烈辩论 友谊赛场”清华附中与北大附中辩论赛“激烈辩论 友谊赛场”清华附中与北大附中辩论赛“激烈辩论 友谊赛场”</h3><p><br></p>', null, '2017-11-01 11:24:57', null);
INSERT INTO `tb_resource` VALUES ('12', '8', '领导机构', '领导机构', '<p>爱惜你睡觉奥看好你下课就仨必须打开撒贝宁&nbsp;&nbsp;&nbsp;&nbsp;&nbsp;&nbsp;&nbsp;&nbsp;</p><p><br></p>', null, '2017-11-01 11:42:48', null);
INSERT INTO `tb_resource` VALUES ('13', '9', '学校荣誉', '清华附中党委组织党员群众收看新一届中央领导集体中外记者见面会', '<p>　　10月25日，清华附中党委组织党员群众在综合楼B206收看十九届中共中央政治局常委同中外记者见面会现场直播。<br><img alt=\"\" src=\"http://www.qhfz.edu.cn/uploads/171025/1-1G025134144100.jpg\"><br><br><img alt=\"\" src=\"http://www.qhfz.edu.cn/uploads/171025/1-1G02513421K58.jpg\"><br></p><p><br></p>', null, '2017-11-01 11:44:44', null);
INSERT INTO `tb_resource` VALUES ('14', '10', '教学成果', '清华附中组织老年教师艺术插花', '<h3>清华附中组织老年教师艺术插花清华附中组织老年教师艺术插花清华附中组织老年教师艺术插花清华附中组织老年教师艺术插花</h3><p><br></p>', null, '2017-11-01 11:45:03', null);
INSERT INTO `tb_resource` VALUES ('21', '11', '校园新闻', '河南省实验中学“六十周年校庆暨校友返校日”活动公告（四）', '<p><img alt=\"\" src=\"http://syzx.haedu.gov.cn//UserFiles/Image/201710/20171031150326159.jpg\"></p><p>11月5日，这个实验学子翘首以盼的日子慢慢走近。母校六十岁生日的蜡烛已经点燃，祝福的乐曲已轻轻奏响，母亲只等在外的游子归来，一起唱响那首熟悉的生日快乐歌……</p><p>为方便校友活动，现将有关注意事项公告如下：&nbsp;</p><table><tbody><tr><td><strong>返校日当天活动安排</strong></td></tr></tbody></table><table><tbody><tr><td>时间</td><td>活动安排</td><td>地点</td></tr><tr><td>7:00—8：30</td><td>现场签到</td><td>西门广场或艺体中心</td></tr><tr><td>8：30—10：00</td><td>特色教育成果汇报</td><td>校足球场主会场</td></tr><tr><td>10：00—10：30</td><td>返校日主题活动</td><td>校足球场主会场</td></tr><tr><td>10：30—11：30</td><td>校友论坛</td><td>校足球场主会场</td></tr><tr><td>11：30—16：30</td><td>聚会、参观、交流</td><td>校园</td></tr></tbody></table><p>返校签到</p><p>&nbsp;&nbsp;&nbsp; 签到地点：</p><p>&nbsp;&nbsp;&nbsp; 学校设置两个签到点，校友只需在一个签到点签到即可，不必重复签到。从文化路校门（西门）进入校园的校友，请在进校门后的主楼前广场签到；从文博西路校门（东门）进入校园的校友请在篮球场东侧白荆路上签到。签到注意事项：</p><p>&nbsp;&nbsp;&nbsp; 校友首先按年代、届别找到签到台，然后在校友信息登记表上填写相关信息（包括班级、姓名、性别、工作单位、联系方式等）。登记信息时，原则上只填写本人信息，特殊情况下也可代填。签到时领取活动资料，只限参加活动的校友本人领取。</p><p><strong>主会场座位分布提醒</strong><br></p><p>&nbsp;&nbsp;&nbsp; 主会场设在学校运动场。主席台前方设置嘉宾和离退教职工就座专区。校友们可在校友专区自由就座。当天人员较多，请自觉维持会场秩序。</p><p>&nbsp;</p><p><strong>特色教育成果汇报</strong><br></p><p>&nbsp;&nbsp;&nbsp; 上午8：30在运动场开始特色教育成果汇报，由在校生和校友联袂主持、演出，展示校友风采，展现学校近年在德育教育、艺体教育、航空教育、国际教育等特色教育方面多姿多彩的教育教学成果。</p><p><br></p><p>&nbsp;&nbsp;&nbsp; 节目单随活动资料一同发放。</p><p>&nbsp;</p><p><strong>校友论坛</strong><br></p><p>&nbsp;&nbsp;&nbsp; 上午10:30在运动场举办校友论坛，邀请部分知名校友上台进行交流分享。这将会是一场精神盛宴，敬请期待。</p><p>&nbsp;</p><p><strong>校庆展览</strong><br></p><p>&nbsp;&nbsp;&nbsp; 校庆展览分成两个部分：</p><p>&nbsp;</p><p>&nbsp;&nbsp;&nbsp; 一是在校史馆举行的校史展览，侧重展示学校六十年办学历史。预计当天参观人员较多，请注意上下楼安全以及室内参观安全，自觉保护展品安全；校史馆当天开放的时间较长，请自觉服从志愿者引导，如果参观人数太多请自动调整参观时间。</p><p><br></p><p>&nbsp;&nbsp;&nbsp; 二是在学校玉兰路和香樟路举办办学成果展，侧重展示学校当前教育教学成果。</p><p>&nbsp;</p><p><strong>年级或班级聚会</strong><strong><br></strong></p><p>&nbsp;&nbsp;&nbsp; 已提前预约举行班级或年级聚会的，请聚会召集人按照之前商定好的时间和地点举行聚会活动。届时学校将安排志愿者在聚会场地为校友们服务。若需提前布置聚会场地或使用多媒体设备的，请通过聚会预约信箱提出具体需求，便于及时安排。</p><p>&nbsp;</p><p><strong>拍照留念温馨提示</strong></p><p>&nbsp;</p><p>&nbsp;&nbsp;&nbsp; 活动日当天，校友们在校园里可尽情拍照留念。为方便校友，学校特意在艺体活动中心楼前设置拍照背景板；上午活动结束后，主会场舞台的背景屏将保留至下午16：30，共大家拍照留念。</p><p>&nbsp;</p><p><strong>校庆影像作品征集</strong><br></p><p>&nbsp;&nbsp;&nbsp; 学校六十周年校庆日活动，恰逢金秋时节，秋风送爽，校园内景色怡人；各届校友返回母校，场面温馨动人；学校多元发展，教育教学成果喜人。欢迎各位爱好摄影的校友用您的相机、手机留下那些美丽的画面和瞬间。活动结束后，请您精选照片或视频，以文件夹的形式打包发到指定邮箱，文件夹命名注明届别和作者姓名。我们将对征集上来的作品进行整理、挑选，并将优秀作品进行后期结集、展览。</p><p>邮箱：</p><p><a href=\"mailto:hnssyzx60@163.com\">hnssyzx60@163.com</a></p><p>&nbsp;</p><p><strong>车辆管理</strong><br></p><p>&nbsp;&nbsp;&nbsp; 因当天校园内人员较多，为确保活动安全，活动期间，校友车辆将不被允许进入校园，敬请谅解。建议校友最好乘坐公共交通到校参加活动。若确需开车，请提前安排好车辆停放。</p><p>&nbsp;</p><p><strong>学校就餐体验</strong><br></p><p>&nbsp;&nbsp;&nbsp; 5日中午，学校在学生餐厅一楼提供免费自助简餐，欢迎校友们前往体验。</p><p>&nbsp;&nbsp;&nbsp; 六十年栉风沐雨不易，一甲子育才树人难得。六十年走过，辉煌的历史铭刻；走过六十年，华美的篇章在前！</p><p>&nbsp;</p><p><br></p><p>&nbsp;&nbsp;&nbsp; 学校地址：郑州市金水区文化路60号</p><p><br></p><p>&nbsp;&nbsp;&nbsp; 文化路上可乘坐公交车（到文化路俭学街站或者双铺路站下车）：6路、28路、K906路、B18路、83路、86路等</p><p>&nbsp;</p><p><img alt=\"\" src=\"http://syzx.haedu.gov.cn//UserFiles/Image/201710/20171031150428596.jpg\"><img alt=\"\" src=\"http://syzx.haedu.gov.cn//UserFiles/Image/201710/20171031150439956.jpg\"><img alt=\"\" src=\"http://syzx.haedu.gov.cn//UserFiles/Image/201710/20171031150446315.jpg\"><br></p><p><br></p>', null, '2017-11-02', null);
INSERT INTO `tb_resource` VALUES ('22', '11', '校园新闻', 'adsa1', '<p><img alt=\"\" src=\"http://syzx.haedu.gov.cn//UserFiles/Image/201710/20171031150326159.jpg\"></p><p>11月5日，这个实验学子翘首以盼的日子慢慢走近。母校六十岁生日的蜡烛已经点燃，祝福的乐曲已轻轻奏响，母亲只等在外的游子归来，一起唱响那首熟悉的生日快乐歌……</p><p>为方便校友活动，现将有关注意事项公告如下：&nbsp;</p><table><tbody><tr><td><strong>返校日当天活动安排</strong></td></tr></tbody></table><table><tbody><tr><td>时间</td><td>活动安排</td><td>地点</td></tr><tr><td>7:00—8：30</td><td>现场签到</td><td>西门广场或艺体中心</td></tr><tr><td>8：30—10：00</td><td>特色教育成果汇报</td><td>校足球场主会场</td></tr><tr><td>10：00—10：30</td><td>返校日主题活动</td><td>校足球场主会场</td></tr><tr><td>10：30—11：30</td><td>校友论坛</td><td>校足球场主会场</td></tr><tr><td>11：30—16：30</td><td>聚会、参观、交流</td><td>校园</td></tr></tbody></table><p>返校签到</p><p>&nbsp;&nbsp;&nbsp; 签到地点：</p><p>&nbsp;&nbsp;&nbsp; 学校设置两个签到点，校友只需在一个签到点签到即可，不必重复签到。从文化路校门（西门）进入校园的校友，请在进校门后的主楼前广场签到；从文博西路校门（东门）进入校园的校友请在篮球场东侧白荆路上签到。签到注意事项：</p><p>&nbsp;&nbsp;&nbsp; 校友首先按年代、届别找到签到台，然后在校友信息登记表上填写相关信息（包括班级、姓名、性别、工作单位、联系方式等）。登记信息时，原则上只填写本人信息，特殊情况下也可代填。签到时领取活动资料，只限参加活动的校友本人领取。</p><p><strong>主会场座位分布提醒</strong><br></p><p>&nbsp;&nbsp;&nbsp; 主会场设在学校运动场。主席台前方设置嘉宾和离退教职工就座专区。校友们可在校友专区自由就座。当天人员较多，请自觉维持会场秩序。</p><p>&nbsp;</p><p><strong>特色教育成果汇报</strong><br></p><p>&nbsp;&nbsp;&nbsp; 上午8：30在运动场开始特色教育成果汇报，由在校生和校友联袂主持、演出，展示校友风采，展现学校近年在德育教育、艺体教育、航空教育、国际教育等特色教育方面多姿多彩的教育教学成果。</p><p><br></p><p>&nbsp;&nbsp;&nbsp; 节目单随活动资料一同发放。</p><p>&nbsp;</p><p><strong>校友论坛</strong><br></p><p>&nbsp;&nbsp;&nbsp; 上午10:30在运动场举办校友论坛，邀请部分知名校友上台进行交流分享。这将会是一场精神盛宴，敬请期待。</p><p>&nbsp;</p><p><strong>校庆展览</strong><br></p><p>&nbsp;&nbsp;&nbsp; 校庆展览分成两个部分：</p><p>&nbsp;</p><p>&nbsp;&nbsp;&nbsp; 一是在校史馆举行的校史展览，侧重展示学校六十年办学历史。预计当天参观人员较多，请注意上下楼安全以及室内参观安全，自觉保护展品安全；校史馆当天开放的时间较长，请自觉服从志愿者引导，如果参观人数太多请自动调整参观时间。</p><p><br></p><p>&nbsp;&nbsp;&nbsp; 二是在学校玉兰路和香樟路举办办学成果展，侧重展示学校当前教育教学成果。</p><p>&nbsp;</p><p><strong>年级或班级聚会</strong><strong><br></strong></p><p>&nbsp;&nbsp;&nbsp; 已提前预约举行班级或年级聚会的，请聚会召集人按照之前商定好的时间和地点举行聚会活动。届时学校将安排志愿者在聚会场地为校友们服务。若需提前布置聚会场地或使用多媒体设备的，请通过聚会预约信箱提出具体需求，便于及时安排。</p><p>&nbsp;</p><p><strong>拍照留念温馨提示</strong></p><p>&nbsp;</p><p>&nbsp;&nbsp;&nbsp; 活动日当天，校友们在校园里可尽情拍照留念。为方便校友，学校特意在艺体活动中心楼前设置拍照背景板；上午活动结束后，主会场舞台的背景屏将保留至下午16：30，共大家拍照留念。</p><p>&nbsp;</p><p><strong>校庆影像作品征集</strong><br></p><p>&nbsp;&nbsp;&nbsp; 学校六十周年校庆日活动，恰逢金秋时节，秋风送爽，校园内景色怡人；各届校友返回母校，场面温馨动人；学校多元发展，教育教学成果喜人。欢迎各位爱好摄影的校友用您的相机、手机留下那些美丽的画面和瞬间。活动结束后，请您精选照片或视频，以文件夹的形式打包发到指定邮箱，文件夹命名注明届别和作者姓名。我们将对征集上来的作品进行整理、挑选，并将优秀作品进行后期结集、展览。</p><p>邮箱：</p><p><a href=\"mailto:hnssyzx60@163.com\">hnssyzx60@163.com</a></p><p>&nbsp;</p><p><strong>车辆管理</strong><br></p><p>&nbsp;&nbsp;&nbsp; 因当天校园内人员较多，为确保活动安全，活动期间，校友车辆将不被允许进入校园，敬请谅解。建议校友最好乘坐公共交通到校参加活动。若确需开车，请提前安排好车辆停放。</p><p>&nbsp;</p><p><strong>学校就餐体验</strong><br></p><p>&nbsp;&nbsp;&nbsp; 5日中午，学校在学生餐厅一楼提供免费自助简餐，欢迎校友们前往体验。</p><p>&nbsp;&nbsp;&nbsp; 六十年栉风沐雨不易，一甲子育才树人难得。六十年走过，辉煌的历史铭刻；走过六十年，华美的篇章在前！</p><p>&nbsp;</p><p><br></p><p>&nbsp;&nbsp;&nbsp; 学校地址：郑州市金水区文化路60号</p><p><br></p><p>&nbsp;&nbsp;&nbsp; 文化路上可乘坐公交车（到文化路俭学街站或者双铺路站下车）：6路、28路、K906路、B18路、83路、86路等</p><p>&nbsp;</p><p><img alt=\"\" src=\"http://syzx.haedu.gov.cn//UserFiles/Image/201710/20171031150428596.jpg\"><img alt=\"\" src=\"http://syzx.haedu.gov.cn//UserFiles/Image/201710/20171031150439956.jpg\"><img alt=\"\" src=\"http://syzx.haedu.gov.cn//UserFiles/Image/201710/20171031150446315.jpg\"><br></p><p><br></p>', null, '2017-11-02', null);
INSERT INTO `tb_resource` VALUES ('23', '11', '校园新闻', '123131', '<p><img alt=\"\" src=\"http://syzx.haedu.gov.cn//UserFiles/Image/201710/20171031150326159.jpg\"></p><p>11月5日，这个实验学子翘首以盼的日子慢慢走近。母校六十岁生日的蜡烛已经点燃，祝福的乐曲已轻轻奏响，母亲只等在外的游子归来，一起唱响那首熟悉的生日快乐歌……</p><p>为方便校友活动，现将有关注意事项公告如下：&nbsp;</p><table><tbody><tr><td><strong>返校日当天活动安排</strong></td></tr></tbody></table><table><tbody><tr><td>时间</td><td>活动安排</td><td>地点</td></tr><tr><td>7:00—8：30</td><td>现场签到</td><td>西门广场或艺体中心</td></tr><tr><td>8：30—10：00</td><td>特色教育成果汇报</td><td>校足球场主会场</td></tr><tr><td>10：00—10：30</td><td>返校日主题活动</td><td>校足球场主会场</td></tr><tr><td>10：30—11：30</td><td>校友论坛</td><td>校足球场主会场</td></tr><tr><td>11：30—16：30</td><td>聚会、参观、交流</td><td>校园</td></tr></tbody></table><p>返校签到</p><p>&nbsp;&nbsp;&nbsp; 签到地点：</p><p>&nbsp;&nbsp;&nbsp; 学校设置两个签到点，校友只需在一个签到点签到即可，不必重复签到。从文化路校门（西门）进入校园的校友，请在进校门后的主楼前广场签到；从文博西路校门（东门）进入校园的校友请在篮球场东侧白荆路上签到。签到注意事项：</p><p>&nbsp;&nbsp;&nbsp; 校友首先按年代、届别找到签到台，然后在校友信息登记表上填写相关信息（包括班级、姓名、性别、工作单位、联系方式等）。登记信息时，原则上只填写本人信息，特殊情况下也可代填。签到时领取活动资料，只限参加活动的校友本人领取。</p><p><strong>主会场座位分布提醒</strong><br></p><p>&nbsp;&nbsp;&nbsp; 主会场设在学校运动场。主席台前方设置嘉宾和离退教职工就座专区。校友们可在校友专区自由就座。当天人员较多，请自觉维持会场秩序。</p><p>&nbsp;</p><p><strong>特色教育成果汇报</strong><br></p><p>&nbsp;&nbsp;&nbsp; 上午8：30在运动场开始特色教育成果汇报，由在校生和校友联袂主持、演出，展示校友风采，展现学校近年在德育教育、艺体教育、航空教育、国际教育等特色教育方面多姿多彩的教育教学成果。</p><p><br></p><p>&nbsp;&nbsp;&nbsp; 节目单随活动资料一同发放。</p><p>&nbsp;</p><p><strong>校友论坛</strong><br></p><p>&nbsp;&nbsp;&nbsp; 上午10:30在运动场举办校友论坛，邀请部分知名校友上台进行交流分享。这将会是一场精神盛宴，敬请期待。</p><p>&nbsp;</p><p><strong>校庆展览</strong><br></p><p>&nbsp;&nbsp;&nbsp; 校庆展览分成两个部分：</p><p>&nbsp;</p><p>&nbsp;&nbsp;&nbsp; 一是在校史馆举行的校史展览，侧重展示学校六十年办学历史。预计当天参观人员较多，请注意上下楼安全以及室内参观安全，自觉保护展品安全；校史馆当天开放的时间较长，请自觉服从志愿者引导，如果参观人数太多请自动调整参观时间。</p><p><br></p><p>&nbsp;&nbsp;&nbsp; 二是在学校玉兰路和香樟路举办办学成果展，侧重展示学校当前教育教学成果。</p><p>&nbsp;</p><p><strong>年级或班级聚会</strong><strong><br></strong></p><p>&nbsp;&nbsp;&nbsp; 已提前预约举行班级或年级聚会的，请聚会召集人按照之前商定好的时间和地点举行聚会活动。届时学校将安排志愿者在聚会场地为校友们服务。若需提前布置聚会场地或使用多媒体设备的，请通过聚会预约信箱提出具体需求，便于及时安排。</p><p>&nbsp;</p><p><strong>拍照留念温馨提示</strong></p><p>&nbsp;</p><p>&nbsp;&nbsp;&nbsp; 活动日当天，校友们在校园里可尽情拍照留念。为方便校友，学校特意在艺体活动中心楼前设置拍照背景板；上午活动结束后，主会场舞台的背景屏将保留至下午16：30，共大家拍照留念。</p><p>&nbsp;</p><p><strong>校庆影像作品征集</strong><br></p><p>&nbsp;&nbsp;&nbsp; 学校六十周年校庆日活动，恰逢金秋时节，秋风送爽，校园内景色怡人；各届校友返回母校，场面温馨动人；学校多元发展，教育教学成果喜人。欢迎各位爱好摄影的校友用您的相机、手机留下那些美丽的画面和瞬间。活动结束后，请您精选照片或视频，以文件夹的形式打包发到指定邮箱，文件夹命名注明届别和作者姓名。我们将对征集上来的作品进行整理、挑选，并将优秀作品进行后期结集、展览。</p><p>邮箱：</p><p><a href=\"mailto:hnssyzx60@163.com\">hnssyzx60@163.com</a></p><p>&nbsp;</p><p><strong>车辆管理</strong><br></p><p>&nbsp;&nbsp;&nbsp; 因当天校园内人员较多，为确保活动安全，活动期间，校友车辆将不被允许进入校园，敬请谅解。建议校友最好乘坐公共交通到校参加活动。若确需开车，请提前安排好车辆停放。</p><p>&nbsp;</p><p><strong>学校就餐体验</strong><br></p><p>&nbsp;&nbsp;&nbsp; 5日中午，学校在学生餐厅一楼提供免费自助简餐，欢迎校友们前往体验。</p><p>&nbsp;&nbsp;&nbsp; 六十年栉风沐雨不易，一甲子育才树人难得。六十年走过，辉煌的历史铭刻；走过六十年，华美的篇章在前！</p><p>&nbsp;</p><p><br></p><p>&nbsp;&nbsp;&nbsp; 学校地址：郑州市金水区文化路60号</p><p><br></p><p>&nbsp;&nbsp;&nbsp; 文化路上可乘坐公交车（到文化路俭学街站或者双铺路站下车）：6路、28路、K906路、B18路、83路、86路等</p><p>&nbsp;</p><p><img alt=\"\" src=\"http://syzx.haedu.gov.cn//UserFiles/Image/201710/20171031150428596.jpg\"><img alt=\"\" src=\"http://syzx.haedu.gov.cn//UserFiles/Image/201710/20171031150439956.jpg\"><img alt=\"\" src=\"http://syzx.haedu.gov.cn//UserFiles/Image/201710/20171031150446315.jpg\"><br></p><p><br></p>', null, '2017-11-02', null);
INSERT INTO `tb_resource` VALUES ('24', '11', '校园新闻', '又到重阳日，共叙实验情——我校召开重阳节离退老同志座谈会', '<p>2017年10月27日，农历九月初八，在重阳节即将到来之际，我校在十楼会议室召开重阳节离退老同志座谈会。二十多位为省实验中学发展奉献出青春和热血的离退老同志代表受邀出席，校长马玉霞，副校长王献甫、殷红以及各部门负责人共同参加了座谈会。</p><p>&nbsp;&nbsp;&nbsp; 每年一度的重阳节离退老同志座谈会是学校多年来一直坚持的一项工作，目的是关心老同志的退休生活，解决他们的实际困难，同时请他们为学校的发展献计献策。</p><p>&nbsp;&nbsp;&nbsp; 今年的座谈会恰逢党的十九大胜利闭幕，有着更加特殊的意义。10月18日，习近平总书记在十九大开幕式上发表了重要讲话，对十八大以来国家所取得的重要发展成果进行了全面总结，为中国未来的发展规划了宏伟蓝图。习总书记的讲话立足实际，深入民心，高屋建瓴，振聋发聩，全国人民无比振奋！</p><p>&nbsp;&nbsp;&nbsp; 座谈会开始，校党办主任轩明带领大家共同学习了习近平总书记十九大报告中“四个重要判断”的思想。面对即将开启的新时代，老同志们激动不已，八十多岁的退休教师项昭义现场献诗，将大家的学习热情推向高潮。马玉霞校长用“实事求是”“高屋建瓴”“振聋发聩”等几个关键词总结了自己对十九大讲话精神的学习心得。她说，我们作为教育工作者，肩负着为国家培育人才的重任，更应该学习好、宣传好、落实好总书记的讲话精神；离退老同志老有所乐、老有所为，关心学校发展，关注国家大事，令人感动。马校长还向老同志们汇报了学校一年来的发展变化情况。当了解到学校过去的一年在普通高考、竞赛教育、艺体教育、航空教育、国际教育等多个方面全面发展，日益呈现出“百花齐放、百舸争流”的发展态势时，老同志们都频频称赞，激动不已。马校长的讲话也数次被热烈的掌声打断。</p><p>&nbsp;&nbsp;&nbsp; 随后，进入自由交流讨论环节。老同志们围绕十九大的胜利召开，国家未来的发展蓝图，学校六十年的发展历史以及未来的发展方向等话题各抒己见、热烈讨论、献计献策。马校长感谢大家对学校发展的关心和关注，尤其感谢以李玉安、侯志扬等为代表的几位老同志发挥余热，义务为学生开设讲座，指导年轻教师专业成长，积极参加学校活动，撰写回忆录，为校史馆贡献珍贵史料的感人举动。</p><p>&nbsp;&nbsp;&nbsp; 最后，马玉霞校长为老同志们送上节日的祝福，并诚邀大家参加即将于11月5日举行的学校“建校六十周年暨校友论坛”，共同见证学校发展历史中的这一重要里程碑事件。&nbsp;</p><p><br></p>', null, '2017-11-02', null);
INSERT INTO `tb_resource` VALUES ('25', '22', '校园风光', '报告厅', '83d24fff-0032-49c6-95fe-2adca43ef49a.jpg', null, null, null);
INSERT INTO `tb_resource` VALUES ('26', '22', '校园风光', '教学楼', 'c8def7db-c84b-4302-9d2c-52967aa30514.jpg', null, null, null);
INSERT INTO `tb_resource` VALUES ('27', '22', '校园风光', '科技楼', '3b1398c9-c0ac-4e1c-9161-5f55cb68c795.jpg', null, null, null);
INSERT INTO `tb_resource` VALUES ('28', '22', '校园风光', '篮球场', 'b15db426-65fc-438d-8bc0-b7ee4fde8612.jpg', null, null, null);
INSERT INTO `tb_resource` VALUES ('29', '22', '校园风光', '文化馆', '85b54a40-ae06-4e24-a2a7-7f84ae8821e5.jpg', null, null, null);
INSERT INTO `tb_resource` VALUES ('30', '22', '校园风光', '游泳馆', '3e8d6ad5-ae90-4b54-8570-cc4bf8aadc50.jpg', null, null, null);
INSERT INTO `tb_resource` VALUES ('31', '22', '校园风光', '文化馆', '2896ebe5-6605-43d0-b961-447512a7f992.jpg', null, null, null);

-- ----------------------------
-- Table structure for tb_user
-- ----------------------------
DROP TABLE IF EXISTS `tb_user`;
CREATE TABLE `tb_user` (
  `us_id` int(11) NOT NULL AUTO_INCREMENT,
  `us_email` varchar(50) DEFAULT NULL,
  `us_password` varchar(50) DEFAULT NULL,
  `us_name` varchar(50) DEFAULT NULL,
  `us_sex` varchar(50) DEFAULT NULL,
  `ca_id` int(11) DEFAULT NULL,
  `ca_name` varchar(50) DEFAULT NULL,
  `us_phone` varchar(100) DEFAULT NULL,
  `us_picture` varchar(50) DEFAULT NULL,
  `us_introduction` text,
  `us_achievements` text,
  `spare` varchar(255) DEFAULT NULL,
  PRIMARY KEY (`us_id`)
) ENGINE=InnoDB AUTO_INCREMENT=31 DEFAULT CHARSET=utf8;

-- ----------------------------
-- Records of tb_user
-- ----------------------------
INSERT INTO `tb_user` VALUES ('25', '2@2', '2', '32131', '男', '4', '管理员', '12312321321', 'ac38a420-7b76-4cd5-8439-f67ee1ad908d.jpg', '爱仕达asdasdaxxxx1', 'd萨达爱仕达爱仕达', null);
INSERT INTO `tb_user` VALUES ('26', 'sa@121', '12', '21', null, '4', '管理员', '', '7879f327-99ec-43e5-a5be-f53d1cf184d2.jpg', '<p>；“</p><a target=\"_blank\" href=\"https://baike.baidu.com/item/%E6%B0%91%E4%B8%8D%E7%95%8F%E6%AD%BB%EF%BC%8C%E5%A5%88%E4%BD%95%E4%BB%A5%E6%AD%BB%E6%83%A7%E4%B9%8B\">民不畏死，奈何以死惧之</a><p>”。他的哲学思想和由他创立的</p><a target=\"_blank\" href=\"https://baike.baidu.com/item/%E9%81%93%E5%AE%B6%E5%AD%A6%E6%B4%BE\">道家学派</a><p>，不但对中国古代思想文化的发展作出了重要贡献，而且对中国2000多年来思想文化的发展产生了深远的影响。关于他的身份，还有人认为他是</p><a target=\"_blank\" href=\"https://baike.baidu.com/item/%E8%80%81%E8%8E%B1%E5%AD%90\">老莱子</a><p>，也是楚国人，跟</p><a target=\"_blank\" href=\"https://baike.baidu.com/item/%E5%AD%94%E5%AD%90\">孔子</a><p>同时，曾著书十五篇宣传道家之用。</p><sup>[18]</sup><a>&nbsp;</a><a href=\"https://baike.baidu.com/pic/%E8%80%81%E5%AD%90/5448/0/7ab514d124883898572c84ba?fr=lemma&ct=single\" target=\"_blank\"><img src=\"https://gss2.bdstatic.com/-fo3dSag_xI4khGkpoWK1HF6hhy/baike/s%3D250/sign=4f756153972bd40746c7d4f84b889e9c/377adab44aed2e73cd8579578701a18b87d6fa59.jpg\" alt=\"老子骑牛图立轴\"></a><p>老子骑牛图立轴</p><a target=\"_blank\" href=\"https://baike.baidu.com/item/%E8%80%81%E8%81%83\">老聃</a><p>长寿，一百零一岁</p><a target=\"_blank\" href=\"https://baike.baidu.com/item/%E4%BB%99%E9%80%9D\">仙逝</a><p>，邻里皆来吊唁。老人哭之，如哭其子；少者哭之，如哭其母。念老子</p><a target=\"_blank\" href=\"https://baike.baidu.com/item/%E9%A1%BA%E6%B0%91\">顺民</a><p>之性、随民之情、与世无争、柔慈待人的大德大恩，皆悲不自胜。老聃好友秦佚来吊唁，至老子灵旁，不跪不拜，拱手致意，哭号三声即止。待其欲转身回去时，邻人拦住问道：“汝非老子好友乎？”秦佚答道；“当然。”邻人道：“既为老子好友，如此薄情少礼，可乎？”</p><a target=\"_blank\" href=\"https://baike.baidu.com/item/%E7%A7%A6%E4%BD%9A\">秦佚</a><p>道；“有何不可？”邻人闻言，由怒转，大声责问道：“其理何在？”秦佚笑道：“吾友老聃有言，生亦不喜，死亦不悲。汝可闻乎？昔日老聃之生也，由无至有，聚气而成，顺时而来，合自然之理，有何喜哉？今日老聃之死也，由有归无，散气而灭，顺时而去，合自然之理也。有何悲哉？生而喜者，是以为不当喜而喜也；死而悲者，是以为不当悲而悲也，放生时贵生，死时怕死，皆是以己之意愿而强求生来、强求死去也，皆背自然之理而任己之情也。如安时而处顺，则哀乐不能入也。而背自然、违天理，合于道乎？不合于道，可为老聃好</p><p><br></p>', '<p>；“</p><a target=\"_blank\" href=\"https://baike.baidu.com/item/%E6%B0%91%E4%B8%8D%E7%95%8F%E6%AD%BB%EF%BC%8C%E5%A5%88%E4%BD%95%E4%BB%A5%E6%AD%BB%E6%83%A7%E4%B9%8B\">民不畏死，奈何以死惧之</a><p>”。他的哲学思想和由他创立的</p><a target=\"_blank\" href=\"https://baike.baidu.com/item/%E9%81%93%E5%AE%B6%E5%AD%A6%E6%B4%BE\">道家学派</a><p>，不但对中国古代思想文化的发展作出了重要贡献，而且对中国2000多年来思想文化的发展产生了深远的影响。关于他的身份，还有人认为他是</p><a target=\"_blank\" href=\"https://baike.baidu.com/item/%E8%80%81%E8%8E%B1%E5%AD%90\">老莱子</a><p>，也是楚国人，跟</p><a target=\"_blank\" href=\"https://baike.baidu.com/item/%E5%AD%94%E5%AD%90\">孔子</a><p>同时，曾著书十五篇宣传道家之用。</p><sup>[18]</sup><a>&nbsp;</a><a href=\"https://baike.baidu.com/pic/%E8%80%81%E5%AD%90/5448/0/7ab514d124883898572c84ba?fr=lemma&ct=single\" target=\"_blank\"><img src=\"https://gss2.bdstatic.com/-fo3dSag_xI4khGkpoWK1HF6hhy/baike/s%3D250/sign=4f756153972bd40746c7d4f84b889e9c/377adab44aed2e73cd8579578701a18b87d6fa59.jpg\" alt=\"老子骑牛图立轴\"></a><p>老子骑牛图立轴</p><a target=\"_blank\" href=\"https://baike.baidu.com/item/%E8%80%81%E8%81%83\">老聃</a><p>长寿，一百零一岁</p><a target=\"_blank\" href=\"https://baike.baidu.com/item/%E4%BB%99%E9%80%9D\">仙逝</a><p>，邻里皆来吊唁。老人哭之，如哭其子；少者哭之，如哭其母。念老子</p><a target=\"_blank\" href=\"https://baike.baidu.com/item/%E9%A1%BA%E6%B0%91\">顺民</a><p>之性、随民之情、与世无争、柔慈待人的大德大恩，皆悲不自胜。老聃好友秦佚来吊唁，至老子灵旁，不跪不拜，拱手致意，哭号三声即止。待其欲转身回去时，邻人拦住问道：“汝非老子好友乎？”秦佚答道；“当然。”邻人道：“既为老子好友，如此薄情少礼，可乎？”</p><a target=\"_blank\" href=\"https://baike.baidu.com/item/%E7%A7%A6%E4%BD%9A\">秦佚</a><p>道；“有何不可？”邻人闻言，由怒转，大声责问道：“其理何在？”秦佚笑道：“吾友老聃有言，生亦不喜，死亦不悲。汝可闻乎？昔日老聃之生也，由无至有，聚气而成，顺时而来，合自然之理，有何喜哉？今日老聃之死也，由有归无，散气而灭，顺时而去，合自然之理也。有何悲哉？生而喜者，是以为不当喜而喜也；死而悲者，是以为不当悲而悲也，放生时贵生，死时怕死，皆是以己之意愿而强求生来、强求死去也，皆背自然之理而任己之情也。如安时而处顺，则哀乐不能入也。而背自然、违天理，合于道乎？不合于道，可为老聃好</p><p><br></p>', null);
INSERT INTO `tb_user` VALUES ('27', 'asd@212', 'weq', 'qe', null, '3', '语文教研组长', null, '22dfe5d3-fa08-4311-96fd-bfd6b15b2474.jpg', null, null, null);
INSERT INTO `tb_user` VALUES ('29', '1@3', '12', '爱仕达', '男', '5', '数学教研组', '12345678941', '0a06ef0c-40a4-4cdb-87c0-5a98890324d8.jpg', '', '', null);
INSERT INTO `tb_user` VALUES ('30', '1231@1', '111', '131', null, '4', '管理员', null, 'cdbefce2-6675-42fb-b592-3654ffae7119.jpg', null, null, null);
